Rk,Gcar,Gtm,Date,Tm,,Opp,Rslt,Inngs,PA,AB,R,H,2B,3B,HR,RBI,BB,IBB,SO,HBP,SH,SF,ROE,GDP,SB,CS,BA,OBP,SLG,OPS,BOP,aLI,WPA,RE24,DFS(DK),DFS(FD),Pos
1,1111,1,Apr 4,CIN,,PHI,W6-2,CG,4,4,1,1,0,0,0,2,0,0,3,0,0,0,0,0,0,0,.250,.250,.250,.500,3,2.38,0.049,0.38,9.00,13.20,1B
2,1112,2,Apr 6,CIN,,PHI,W3-2,CG,4,4,0,0,0,0,0,0,0,0,0,0,0,0,0,0,0,0,.125,.125,.125,.250,3,2.34,-0.204,-0.96,0.00,0.00,1B
3,1113,3,Apr 7,CIN,,PHI,W10-6,CG,5,4,2,1,0,0,0,0,1,0,1,0,0,0,0,0,0,0,.167,.231,.167,.397,3,.34,0.038,-0.06,9.00,12.40,1B
4,1114,4,Apr 8,CIN,,PIT,L5-6,CG,5,4,0,0,0,0,0,1,1,0,1,0,0,0,0,0,0,0,.125,.222,.125,.347,3,1.16,0.010,0.51,4.00,6.50,1B
5,1115,5,Apr 9,CIN,,PIT,W5-1,CG,4,3,0,2,0,0,0,0,1,0,1,0,0,0,0,0,0,0,.211,.318,.211,.529,3,.61,0.044,0.71,8.00,9.00,1B
6,1116,6,Apr 10,CIN,,PIT,W2-1,CG,4,4,0,0,0,0,0,0,0,0,0,0,0,0,0,2,0,0,.174,.269,.174,.443,3,1.74,-0.254,-1.86,0.00,0.00,1B
7,1117,7,Apr 11,CIN,@,CHC,L3-5,CG,4,4,0,2,0,0,0,0,0,0,1,0,0,0,0,0,0,0,.222,.300,.222,.522,3,.59,0.094,0.93,6.00,6.00,1B
8,1118,8,Apr 13,CIN,@,CHC,L2-9,CG,4,3,0,1,0,0,0,0,1,0,1,0,0,0,0,1,0,0,.233,.324,.233,.557,3,.73,0.066,-0.03,5.00,6.00,1B
9,1119,9,Apr 14,CIN,@,CHC,L1-8,CG,4,3,0,1,0,0,0,0,1,0,0,0,0,0,0,0,0,0,.242,.342,.242,.585,3,1.12,-0.015,-0.08,5.00,6.00,1B
10,1120,10,Apr 15,CIN,@,STL,L3-14,GS-8,4,4,1,1,0,0,1,3,0,0,0,0,0,0,0,0,0,0,.243,.333,.324,.658,3,.58,0.176,2.03,18.00,25.70,1B
11,1121,11,Apr 16,CIN,@,STL,W9-8,CG,5,4,1,1,1,0,0,0,1,1,0,0,0,0,0,0,0,0,.244,.340,.341,.682,3,.87,-0.066,-0.26,9.00,12.20,1B
12,1122,12,Apr 17,CIN,@,STL,L3-4,CG,4,3,0,0,0,0,0,1,0,0,1,0,0,1,0,0,0,0,.227,.314,.318,.632,3,1.02,-0.050,-0.32,2.00,3.50,1B
13,1123,13,Apr 18,CIN,,COL,L1-5,CG,4,3,0,0,0,0,0,0,1,1,0,0,0,0,0,0,0,0,.213,.309,.298,.607,3,.89,-0.031,-0.38,2.00,3.00,1B
14,1124,14,Apr 19,CIN,,COL,W4-3,CG,4,4,0,0,0,0,0,0,0,0,2,0,0,0,0,0,0,0,.196,.288,.275,.563,3,.46,-0.051,-0.97,0.00,0.00,1B
15,1125,15,Apr 20,CIN,,COL,W6-5,CG,4,4,0,0,0,0,0,0,0,0,3,0,0,0,0,0,0,0,.182,.270,.255,.524,3,.52,-0.053,-0.41,0.00,0.00,1B
16,1126,16,Apr 21,CIN,,CHC,L0-16,GS-8,3,3,0,0,0,0,0,0,0,0,0,0,0,0,0,0,0,0,.172,.258,.241,.499,3,.25,-0.019,-0.42,0.00,0.00,1B
17,1127,17,Apr 22,CIN,,CHC,L1-8,CG,4,3,0,1,0,0,0,0,0,0,0,1,0,0,0,1,0,0,.180,.271,.246,.517,3,.76,-0.098,-0.63,5.00,6.00,1B
18,1128,18,Apr 23,CIN,,CHC,W13-5,CG,5,5,1,2,0,0,1,2,0,0,1,0,0,0,0,0,0,0,.197,.280,.303,.583,3,.50,0.016,1.55,19.00,25.20,1B
19,1129,19,Apr 24,CIN,,CHC,L0-9,GS-8,3,2,0,1,0,0,0,0,1,0,1,0,0,0,0,0,0,0,.206,.295,.309,.604,3,.19,-0.001,0.54,5.00,6.00,1B
20,1130,20,Apr 25,CIN,@,NYM,L3-5,CG,4,4,0,1,0,0,0,1,0,0,2,0,0,0,0,0,0,0,.208,.293,.306,.598,3,1.57,0.143,0.51,5.00,6.50,1B
21,1131,21,Apr 26,CIN,@,NYM,L3-4,CG,4,1,0,0,0,0,0,1,2,1,1,0,0,1,0,0,0,0,.205,.302,.301,.604,3,1.00,-0.004,0.14,6.00,9.50,1B
22,1132,22,Apr 27,CIN,@,NYM,L2-5,CG,4,4,0,2,0,0,0,0,0,0,2,0,0,0,0,0,0,0,.221,.311,.312,.623,3,1.52,0.085,0.58,6.00,6.00,1B
23,1133,23,Apr 29,CIN,@,PIT,L1-4,CG,4,3,0,2,0,0,0,0,1,0,1,0,0,0,0,0,0,0,.238,.330,.325,.655,3,.68,0.056,0.73,8.00,9.00,1B
24,1134,24,Apr 30,CIN,@,PIT,L1-5,CG,4,3,0,0,0,0,0,0,1,0,1,0,0,0,1,0,0,0,.229,.327,.313,.640,3,.88,-0.001,-0.08,2.00,3.00,1B
25,1135,25,May 1,CIN,@,PIT,W6-5,CG(11),5,4,1,1,0,0,0,1,1,1,2,0,0,0,0,0,1,0,.230,.330,.310,.640,3,2.21,0.074,0.44,14.00,18.70,1B
26,1136,26,May 2,CIN,,SFG,L6-9,CG,4,4,1,1,0,0,1,3,0,0,1,0,0,0,0,1,0,0,.231,.327,.341,.668,3,1.45,0.159,1.43,18.00,25.70,1B
27,1137,27,May 3,CIN,,SFG,L1-3,CG,4,2,0,0,0,0,0,0,1,0,2,1,0,0,0,0,0,0,.226,.333,.333,.667,3,1.15,0.059,0.06,4.00,6.00,1B
28,1138,28,May 4,CIN,,SFG,W7-4,CG,4,4,1,1,1,0,0,0,0,0,0,0,0,0,0,0,0,0,.227,.330,.340,.671,3,.25,0.004,0.18,7.00,9.20,1B
29,1139,29,May 5,CIN,,MIL,W9-5,CG,4,1,2,0,0,0,0,0,3,0,0,0,0,0,0,0,0,0,.224,.345,.337,.681,3,.45,0.014,0.41,10.00,15.40,1B
30,1140,30,May 6,CIN,,MIL,W5-1,CG,4,2,2,1,0,0,1,1,2,0,1,0,0,0,0,0,0,0,.230,.358,.370,.728,3,.40,0.112,1.34,20.00,27.90,1B
31,1141,31,May 7,CIN,,MIL,L7-13,CG(10),5,5,0,1,0,0,0,2,0,0,3,0,0,0,0,0,0,0,.229,.352,.362,.713,3,.68,-0.012,0.20,7.00,10.00,1B
32,1142,32,May 8,CIN,,MIL,L4-5,CG,4,4,0,1,0,0,0,1,0,0,2,0,0,0,0,0,0,0,.229,.348,.358,.706,3,1.07,0.012,0.47,5.00,6.50,1B
33,1143,33,May 9,CIN,,PIT,W3-2,CG,4,2,1,1,0,0,1,1,1,0,0,1,0,0,0,1,0,0,.234,.360,.387,.748,3,.96,0.202,1.35,18.00,24.70,1B
34,1144,34,May 11,CIN,,PIT,L4-5,9-GF,1,0,0,0,0,0,0,0,1,0,0,0,0,0,0,0,0,0,.234,.365,.387,.752,7,3.49,0.073,0.21,2.00,3.00,PH
35,1145,35,May 13,CIN,@,PHI,L2-3,CG,4,3,0,0,0,0,0,0,0,0,2,1,0,0,0,0,0,0,.228,.362,.377,.739,3,1.11,0.024,-0.29,2.00,3.00,1B
36,1146,36,May 14,CIN,@,PHI,L3-4,CG,4,2,0,0,0,0,0,0,2,0,1,0,0,0,0,0,0,1,.224,.366,.371,.736,3,1.07,0.015,0.15,4.00,6.00,1B
37,1147,37,May 15,CIN,@,PHI,W9-4,CG,5,5,0,0,0,0,0,0,0,0,3,0,0,0,0,0,0,0,.215,.353,.355,.709,3,.49,-0.058,-1.33,0.00,0.00,1B
38,1148,38,May 16,CIN,@,CLE,L6-15,CG,4,3,2,1,1,0,0,0,1,0,0,0,0,0,0,0,0,0,.218,.357,.363,.720,3,.54,0.084,0.65,11.00,15.40,1B
39,1149,39,May 17,CIN,@,CLE,L1-13,GS-7,3,3,0,0,0,0,0,0,0,0,1,0,0,0,0,0,0,0,.213,.350,.354,.705,3,.23,-0.019,-0.66,0.00,0.00,1B
40,1150,40,May 18,CIN,,CLE,L7-8,CG(12),6,4,1,1,1,0,0,2,2,1,2,0,0,0,0,0,0,0,.214,.356,.359,.715,3,1.99,0.182,1.19,15.00,22.20,1B
41,1151,41,May 19,CIN,,CLE,L2-7,CG,4,4,1,1,0,0,1,2,0,0,2,0,0,0,0,0,0,0,.215,.353,.378,.731,3,.88,0.132,0.49,16.00,22.20,1B
42,1152,42,May 20,CIN,,SEA,L3-8,CG,4,3,1,0,0,0,0,0,1,0,0,0,0,0,0,1,0,0,.210,.351,.370,.720,3,.82,-0.096,-0.79,4.00,6.20,1B
43,1153,43,May 21,CIN,,SEA,L0-4,CG,4,4,0,0,0,0,0,0,0,0,2,0,0,0,0,0,0,0,.204,.343,.359,.702,3,1.67,-0.171,-1.75,0.00,0.00,1B
44,1154,44,May 22,CIN,,SEA,L4-5,CG,4,4,1,1,0,0,0,0,0,0,0,0,0,0,0,0,0,0,.205,.341,.356,.697,3,1.52,-0.010,0.24,5.00,6.20,1B
45,1155,45,May 23,CIN,@,LAD,L0-1,CG,3,2,0,0,0,0,0,0,1,0,1,0,0,0,0,0,0,0,.203,.341,.351,.692,3,1.41,-0.057,-0.41,2.00,3.00,1B
46,1156,46,May 24,CIN,@,LAD,L2-8,CG,4,4,0,1,1,0,0,0,0,0,1,0,0,0,0,0,0,0,.204,.339,.355,.694,2,.71,-0.014,-0.18,5.00,6.00,1B
47,1157,47,May 25,CIN,@,LAD,L1-3,CG,4,4,0,1,0,0,0,0,0,0,2,0,0,0,0,0,0,0,.205,.337,.353,.689,3,1.13,-0.088,-0.60,3.00,3.00,1B
48,1158,48,May 27,CIN,@,MIL,L5-9,CG,4,4,1,1,0,0,1,1,0,0,1,0,0,0,0,0,0,0,.206,.335,.369,.704,2,.58,0.048,0.52,14.00,18.70,1B
49,1159,49,May 28,CIN,@,MIL,W7-6,CG,5,5,2,2,1,0,0,1,0,0,1,0,0,0,0,0,0,0,.212,.337,.376,.712,2,1.26,-0.067,0.57,14.00,18.90,1B
50,1160,50,May 29,CIN,@,MIL,L4-5,CG,4,4,0,0,0,0,0,0,0,0,1,0,0,0,0,0,0,0,.207,.330,.367,.697,2,1.13,-0.093,-0.84,0.00,0.00,1B
51,1161,51,May 30,CIN,@,COL,W11-8,CG,5,5,1,2,1,0,1,3,0,0,2,0,0,0,0,0,0,0,.213,.332,.391,.723,2,1.25,0.262,1.65,23.00,31.70,1B
52,1162,52,May 31,CIN,@,COL,L4-17,CG,4,4,1,1,0,0,1,1,0,0,1,0,0,0,0,0,0,0,.213,.330,.404,.735,3,.51,-0.038,-0.28,14.00,18.70,1B
53,1163,53,Jun 1,CIN,@,COL,W7-2,CG,5,3,0,1,0,0,0,1,2,1,1,0,0,0,0,0,1,0,.215,.336,.403,.740,3,.60,0.022,0.40,14.00,18.50,1B
54,1164,54,Jun 2,CIN,@,COL,W11-4,CG,5,4,2,2,1,0,0,0,1,0,1,0,0,0,0,0,0,0,.222,.342,.411,.753,2,.45,0.091,0.46,14.00,18.40,1B
55,1165,55,Jun 3,CIN,,WSN,W7-2,CG,4,4,0,1,1,0,0,0,0,0,2,0,0,0,0,0,1,0,.222,.341,.413,.753,2,.72,-0.010,-0.69,10.00,12.00,1B
56,1166,56,Jun 4,CIN,,WSN,W6-3,CG,4,3,2,1,0,0,1,2,1,0,0,0,0,0,0,0,0,0,.224,.343,.427,.771,2,1.44,0.288,1.48,20.00,28.40,1B
57,1167,57,Jun 5,CIN,,WSN,L9-10,CG,5,3,1,0,0,0,0,0,2,0,1,0,0,0,0,1,0,0,.221,.345,.421,.765,2,1.55,0.022,-0.68,6.00,9.20,1B
58,1168,58,Jun 7,CIN,,STL,W7-6,CG,5,5,1,2,1,0,1,1,0,0,2,0,0,0,0,0,1,0,.225,.346,.440,.786,2,.73,0.444,0.83,24.00,30.70,1B
59,1169,59,Jun 8,CIN,,STL,L7-12,GS-9,4,4,1,2,1,0,0,1,0,0,1,0,0,0,0,0,0,0,.230,.348,.446,.794,2,1.47,0.069,0.94,12.00,15.70,1B
60,1170,60,Jun 9,CIN,,STL,L2-3,CG,4,2,1,0,0,0,0,0,1,0,0,1,0,0,0,0,0,0,.228,.351,.442,.793,2,1.61,-0.089,-0.16,6.00,9.20,1B
61,1171,61,Jun 10,CIN,,OAK,W2-1,CG,4,3,0,0,0,0,0,0,1,0,0,0,0,0,0,0,0,0,.225,.349,.435,.785,2,.98,-0.045,-0.37,2.00,3.00,1B
62,1172,62,Jun 11,CIN,,OAK,W2-1,CG,4,3,1,1,0,0,0,0,1,0,0,0,0,0,0,0,0,0,.226,.352,.434,.786,2,.83,0.030,0.17,7.00,9.20,1B
63,1173,63,Jun 12,CIN,,OAK,L1-6,CG,4,4,0,2,0,0,0,0,0,0,2,0,0,0,0,0,0,0,.231,.354,.435,.789,2,.96,0.017,0.05,6.00,6.00,1B
64,1174,64,Jun 13,CIN,@,ATL,W9-8,CG,5,3,2,2,1,0,0,0,2,1,1,0,0,0,0,0,0,0,.237,.362,.443,.805,2,1.54,0.246,1.36,16.00,21.40,1B
65,1175,65,Jun 14,CIN,@,ATL,W3-1,CG,4,2,1,0,0,0,0,0,2,0,0,0,0,0,0,0,0,0,.235,.364,.439,.803,2,.50,0.002,-0.08,6.00,9.20,1B
66,1176,66,Jun 15,CIN,@,ATL,L8-9,CG(13),7,5,1,2,0,0,0,1,2,0,3,0,0,0,0,0,1,0,.239,.370,.438,.808,2,1.50,0.014,0.45,19.00,24.70,1B
67,1177,67,Jun 16,CIN,@,ATL,L2-7,CG,5,4,0,3,0,0,0,0,1,0,0,0,0,0,0,0,0,0,.248,.377,.443,.821,2,.71,0.129,0.93,11.00,12.00,1B
68,1178,68,Jun 17,CIN,@,HOU,W4-2,CG(11),5,4,0,1,0,0,0,0,1,0,1,0,0,0,0,0,0,0,.248,.378,.440,.818,2,1.40,-0.048,-0.76,5.00,6.00,1B
69,1179,69,Jun 18,CIN,@,HOU,L4-5,CG(11),5,5,1,1,0,0,0,0,0,0,2,0,0,0,0,0,0,0,.247,.375,.435,.810,2,1.35,-0.058,-0.46,5.00,6.20,DH
70,1180,70,Jun 19,CIN,@,HOU,L0-6,CG,4,4,0,1,0,0,0,0,0,0,0,0,0,0,0,0,0,0,.247,.373,.432,.805,2,.75,-0.028,-0.36,3.00,3.00,1B
71,1181,73 (2),Jun 23,CIN,,SDP,L4-7,9-GF,1,1,0,0,0,0,0,0,0,0,1,0,0,0,0,0,0,0,.246,.372,.430,.802,9,.91,-0.023,-0.23,0.00,0.00,PH
72,1182,74,Jun 24,CIN,,SDP,L4-13,CG,5,3,1,0,0,0,0,0,2,0,2,0,0,0,0,0,0,0,.243,.372,.425,.797,2,1.46,0.005,0.10,6.00,9.20,1B
73,1183,75,Jun 25,CIN,,SDP,L0-3,CG,4,4,0,1,0,0,0,0,0,0,1,0,0,0,0,0,0,0,.243,.370,.422,.793,2,.88,-0.049,-0.37,3.00,3.00,1B
74,1184,76,Jun 26,CIN,,SDP,W3-0,CG,4,3,0,1,0,0,0,0,1,0,0,0,0,0,0,0,0,0,.244,.372,.421,.793,2,.54,-0.001,0.19,5.00,6.00,1B
75,1185,77,Jun 27,CIN,,CHC,L8-11,CG,5,4,3,2,0,0,2,3,1,0,0,0,0,0,0,0,1,0,.248,.376,.446,.822,3,1.40,0.013,1.90,39.00,53.10,1B
76,1186,78,Jun 28,CIN,,CHC,L2-7,CG(15),6,6,0,0,0,0,0,0,0,0,0,0,0,0,0,0,0,0,.242,.369,.436,.804,2,2.04,-0.412,-1.88,0.00,0.00,1B
77,1187,79,Jun 29,CIN,,CHC,L2-9,CG,5,2,0,1,0,0,0,0,3,0,0,0,0,0,0,0,0,0,.244,.375,.436,.811,2,.25,0.056,0.76,9.00,12.00,1B
78,1188,80,Jun 30,CIN,@,WSN,L4-13,GS-6,3,3,1,2,1,0,1,1,0,0,1,0,0,0,0,0,0,0,.249,.378,.454,.832,2,.85,0.075,1.81,19.00,24.70,1B
79,1189,81,Jul 1,CIN,@,WSN,L2-3,CG(14),6,6,1,3,1,0,0,0,0,0,2,0,0,0,0,0,0,0,.255,.380,.458,.838,2,1.28,0.035,0.31,13.00,15.20,1B
80,1190,83 (1),Jul 3,CIN,@,WSN,L1-12,CG,4,2,0,0,0,0,0,0,2,0,0,0,0,0,0,0,0,0,.253,.382,.455,.837,3,.58,0.081,0.19,4.00,6.00,1B
81,1191,84,Jul 4,CIN,@,CHC,L4-10,CG,4,3,1,2,0,0,0,0,1,0,1,0,0,0,0,0,0,0,.257,.386,.457,.843,3,.21,0.028,0.66,10.00,12.20,1B
82,1192,85,Jul 5,CIN,@,CHC,W9-5,CG,5,1,2,1,1,0,0,2,3,0,0,0,0,1,0,0,0,0,.260,.392,.463,.855,3,.89,0.117,1.47,19.00,28.40,1B
83,1193,86,Jul 6,CIN,@,CHC,W5-3,CG,4,3,0,0,0,0,0,0,1,0,1,0,0,0,0,0,0,0,.257,.390,.458,.848,3,.59,-0.030,-0.36,2.00,3.00,1B
84,1194,87,Jul 8,CIN,@,MIA,L1-3,CG,4,4,0,0,0,0,0,0,0,0,3,0,0,0,0,0,0,0,.253,.386,.451,.837,3,1.24,-0.136,-0.96,0.00,0.00,1B
85,1195,88,Jul 9,CIN,@,MIA,L2-4,CG,4,3,0,1,0,0,0,0,1,0,0,0,0,0,0,0,0,0,.254,.387,.450,.837,3,1.12,0.010,-0.07,5.00,6.00,1B
86,1196,89,Jul 10,CIN,@,MIA,L3-7,CG,4,3,0,0,0,0,0,0,1,0,2,0,0,0,0,0,0,0,.252,.386,.446,.831,3,.80,-0.015,-0.28,2.00,3.00,1B
87,1197,90,Jul 15,CIN,,MIL,W5-4,CG,4,4,1,1,0,0,0,0,0,0,1,0,0,0,0,1,0,0,.252,.384,.443,.827,3,1.37,-0.092,-1.05,5.00,6.20,1B
88,1198,91,Jul 16,CIN,,MIL,L1-9,CG,5,5,1,4,1,0,0,0,0,0,1,0,0,0,0,0,0,0,.261,.390,.452,.842,3,.11,0.019,0.75,16.00,18.20,1B
89,1199,92,Jul 17,CIN,,MIL,W1-0,CG,4,3,0,1,0,0,0,0,1,0,1,0,0,0,0,0,0,0,.261,.391,.451,.842,3,1.68,0.000,-0.23,5.00,6.00,1B
90,1200,93,Jul 18,CIN,,ATL,W8-2,CG,4,3,2,2,0,0,1,3,1,0,0,0,0,0,0,0,0,0,.265,.395,.463,.858,3,.54,0.115,1.85,25.00,34.90,1B
91,1201,94,Jul 19,CIN,,ATL,L4-5,CG(11),5,2,1,2,0,0,0,0,3,0,0,0,0,0,0,0,0,0,.270,.403,.466,.869,3,1.19,0.224,1.41,14.00,18.20,1B
92,1202,95,Jul 20,CIN,,ATL,W6-3,CG,4,3,1,1,0,0,1,2,1,0,1,0,0,0,0,0,0,0,.271,.404,.475,.878,3,1.36,-0.034,0.72,18.00,25.20,1B
93,1203,96,Jul 22,CIN,,ARI,W6-2,CG,5,3,2,1,0,0,1,3,2,1,0,0,0,0,0,0,0,0,.271,.406,.483,.889,3,.83,0.173,2.04,24.00,34.90,1B
94,1204,97,Jul 23,CIN,,ARI,W6-1,CG,4,3,2,2,0,0,0,0,1,0,0,0,0,0,0,0,1,0,.275,.410,.484,.894,3,.89,0.068,1.07,17.00,21.40,1B
95,1205,98,Jul 24,CIN,,ARI,L8-9,CG,5,3,1,1,0,0,0,0,2,0,0,0,0,0,0,0,0,0,.276,.412,.483,.895,3,1.51,0.078,0.63,9.00,12.20,1B
96,1206,99,Jul 25,CIN,@,SFG,W7-5,CG,5,4,2,1,1,0,0,0,1,0,2,0,0,0,0,0,0,0,.275,.412,.483,.895,3,.92,0.096,0.15,11.00,15.40,1B
97,1207,100,Jul 26,CIN,@,SFG,L7-9,CG,5,3,2,2,0,0,1,2,1,0,0,0,0,1,0,0,0,0,.279,.414,.494,.908,3,1.23,-0.033,1.13,23.00,31.40,1B
98,1208,101,Jul 27,CIN,@,SFG,W2-1,CG,4,4,0,2,0,0,0,0,0,0,1,0,0,0,0,1,0,0,.281,.415,.494,.909,3,.83,-0.048,-0.11,6.00,6.00,1B
99,1209,102,Jul 29,CIN,@,SDP,W6-0,CG,5,3,1,1,0,0,0,0,2,0,0,0,0,0,0,0,0,0,.282,.417,.493,.910,3,.43,0.019,0.21,9.00,12.20,1B
100,1210,103,Jul 30,CIN,@,SDP,L1-2,CG(10),4,4,0,2,0,0,0,0,0,0,1,0,0,0,0,1,0,0,.284,.418,.493,.911,3,1.07,-0.044,-0.16,6.00,6.00,1B
101,1211,104,Jul 31,CIN,@,SDP,W3-2,CG,4,3,0,1,0,0,0,0,1,0,1,0,0,0,0,0,0,0,.285,.419,.491,.910,3,.86,0.001,-0.01,5.00,6.00,1B
102,1212,105,Aug 2,CIN,,STL,W7-5,CG,5,4,2,4,1,0,0,1,1,0,0,0,0,0,0,0,0,0,.293,.425,.500,.925,3,1.62,0.319,1.97,22.00,27.90,1B
103,1213,106,Aug 3,CIN,,STL,L4-5,CG,4,4,0,1,0,0,0,1,0,0,1,0,0,0,0,0,0,0,.293,.424,.497,.921,3,1.62,-0.038,0.17,5.00,6.50,1B
104,1214,107,Aug 4,CIN,,STL,W7-0,CG,4,4,0,0,0,0,0,0,0,0,2,0,0,0,0,0,0,0,.289,.420,.492,.911,3,.55,-0.060,-1.20,0.00,0.00,1B
105,1215,108,Aug 5,CIN,@,PIT,L2-3,CG,4,3,0,1,0,0,0,0,1,0,0,0,0,0,0,0,0,0,.290,.421,.490,.911,3,1.22,0.039,0.09,5.00,6.00,1B
106,1216,109,Aug 6,CIN,@,PIT,L3-5,CG,4,4,0,1,1,0,0,0,0,0,0,0,0,0,0,1,0,0,.289,.419,.490,.909,3,.88,-0.076,-0.63,5.00,6.00,1B
107,1217,110,Aug 7,CIN,@,PIT,W7-3,CG,4,0,1,0,0,0,0,1,3,0,0,0,0,1,0,0,0,0,.289,.422,.490,.912,3,.76,0.061,0.89,10.00,15.70,1B
108,1218,111,Aug 8,CIN,@,STL,L4-5,CG,5,5,0,1,0,1,0,1,0,0,0,0,0,0,0,0,0,0,.288,.420,.492,.911,3,.55,0.041,0.25,10.00,12.50,1B
109,1219,112,Aug 9,CIN,@,STL,W7-4,CG,5,4,0,2,0,0,0,1,1,0,1,0,0,0,0,0,0,0,.290,.422,.492,.913,3,1.36,0.118,0.55,10.00,12.50,1B
110,1220,113,Aug 10,CIN,@,STL,L2-3,CG,4,4,1,2,1,0,0,0,0,0,0,0,0,0,0,0,0,0,.293,.422,.495,.917,3,.85,0.060,0.41,10.00,12.20,1B
111,1221,114,Aug 12,CIN,@,MIL,W7-4,CG,5,4,2,2,0,0,0,0,1,0,1,0,0,0,0,0,0,0,.295,.424,.495,.919,3,.40,-0.012,0.17,12.00,15.40,1B
112,1222,115,Aug 13,CIN,@,MIL,W11-5,GS-8,5,5,1,4,2,0,0,2,0,0,0,0,0,0,0,0,0,0,.301,.428,.504,.932,3,.74,0.127,3.37,22.00,28.20,1B
113,1223,116,Aug 14,CIN,@,MIL,L3-7,CG,4,4,1,2,1,0,1,3,0,0,0,0,0,0,0,0,0,0,.303,.429,.514,.943,3,.58,-0.054,1.96,23.00,31.70,1B
114,1224,117,Aug 15,CIN,,MIA,L3-6,CG,5,4,0,1,0,0,0,0,1,0,2,0,0,0,0,0,0,0,.303,.428,.511,.940,3,1.33,-0.014,-0.01,5.00,6.00,1B
115,1225,118,Aug 16,CIN,,MIA,W6-3,CG,4,3,1,1,0,0,0,1,0,0,1,0,0,1,0,0,0,0,.303,.427,.510,.937,3,.34,-0.005,-0.66,7.00,9.70,1B
116,1226,119,Aug 17,CIN,,MIA,W3-2,CG,4,3,1,1,0,0,0,0,1,1,0,0,0,0,0,1,0,0,.303,.427,.509,.936,3,1.43,-0.047,-0.58,7.00,9.20,1B
117,1227,120,Aug 18,CIN,,MIA,W5-4,CG,4,2,1,0,0,0,0,0,2,1,0,0,0,0,0,1,1,0,.302,.428,.506,.934,3,.86,-0.021,-0.01,11.00,15.20,1B
118,1228,121,Aug 19,CIN,,LAD,W9-2,CG,4,3,2,2,0,0,1,4,1,0,1,0,0,0,0,0,0,0,.304,.431,.515,.945,3,.60,0.152,2.88,27.00,38.40,1B
119,1229,122,Aug 20,CIN,,LAD,W11-1,GS-8,4,3,1,2,0,0,0,1,1,0,0,0,0,0,0,0,0,0,.307,.433,.516,.949,3,.42,0.055,1.00,12.00,15.70,1B
120,1230,123,Aug 21,CIN,,LAD,L0-4,7-8,1,1,0,0,0,0,0,0,0,0,1,0,0,0,0,0,0,0,.306,.432,.515,.947,9,1.19,-0.033,-0.50,0.00,0.00,PH
121,1231,124,Aug 22,CIN,,LAD,L9-18,CG,6,6,2,3,1,1,0,4,0,0,0,0,0,0,0,0,0,0,.309,.433,.522,.955,3,.62,0.183,2.54,28.00,38.40,1B
122,1232,125,Aug 23,CIN,,TEX,W3-0,CG,4,3,0,2,0,0,0,2,0,0,0,0,0,1,0,0,0,0,.312,.434,.523,.956,3,1.06,0.175,0.79,10.00,13.00,1B
123,1233,126,Aug 24,CIN,,TEX,L5-6,CG,4,3,0,0,0,0,0,0,1,1,1,0,0,0,0,0,0,0,.310,.432,.519,.951,3,.94,-0.031,-0.23,2.00,3.00,1B
124,1234,127,Aug 26,CIN,@,ARI,L3-4,CG(11),6,3,0,1,0,0,0,0,3,2,0,0,0,0,0,0,0,0,.310,.435,.518,.953,3,2.09,0.143,0.83,9.00,12.00,1B
125,1235,128,Aug 27,CIN,@,ARI,W13-0,GS-7,4,4,2,2,1,0,1,2,0,0,0,0,0,0,0,0,0,0,.311,.435,.527,.962,3,.40,0.167,1.48,23.00,31.40,1B
126,1236,129,Aug 28,CIN,@,ARI,L2-11,CG,4,4,0,0,0,0,0,0,0,0,1,0,0,0,0,0,0,0,.309,.432,.522,.954,3,.26,-0.027,-0.43,0.00,0.00,1B
127,1237,130,Aug 29,CIN,@,LAA,L2-9,CG,4,4,1,1,0,0,1,2,0,0,0,0,0,0,0,1,0,0,.308,.431,.526,.957,3,.81,0.066,0.51,16.00,22.20,1B
128,1238,131,Aug 30,CIN,@,LAA,L2-4,CG,4,4,0,2,0,0,0,0,0,0,1,0,0,0,0,0,0,0,.310,.431,.526,.957,3,.71,-0.012,0.12,6.00,6.00,1B
129,1239,132,Aug 31,CIN,@,LAA,L0-3,CG,4,4,0,1,0,0,0,0,0,0,0,0,0,0,0,0,0,0,.309,.430,.524,.954,3,.92,-0.099,-0.77,3.00,3.00,1B
130,1240,134 (1),Sep 3,CIN,,STL,W9-1,CG,5,2,2,1,1,0,0,1,3,1,0,0,0,0,0,0,0,0,.310,.433,.526,.959,3,1.11,0.087,2.07,17.00,24.90,1B
131,1241,135,Sep 4,CIN,,STL,L2-5,CG,5,4,0,2,0,0,0,0,1,0,0,0,0,0,0,0,0,0,.312,.435,.526,.960,3,.79,0.096,0.82,8.00,9.00,1B
132,1242,136,Sep 5,CIN,,NYM,L0-5,CG,4,3,0,1,0,0,0,0,1,0,0,0,0,0,0,0,0,0,.312,.435,.524,.960,3,.91,-0.010,0.07,5.00,6.00,1B
133,1243,137,Sep 6,CIN,,NYM,L3-5,CG,4,3,0,1,0,0,0,1,0,0,0,0,0,1,0,0,0,0,.312,.434,.523,.957,3,1.71,-0.062,-0.42,5.00,6.50,1B
134,1244,138,Sep 7,CIN,,NYM,L3-6,CG,5,4,0,1,0,0,0,0,1,0,2,0,0,0,0,0,0,0,.312,.434,.521,.954,3,1.22,-0.064,-0.60,5.00,6.00,1B
135,1245,139,Sep 8,CIN,@,PIT,L1-4,CG,4,4,0,0,0,0,0,0,0,0,0,0,0,0,0,0,0,0,.309,.431,.516,.947,3,.55,-0.059,-0.59,0.00,0.00,1B
136,1246,140,Sep 9,CIN,@,PIT,W4-3,CG,4,4,0,3,0,0,0,1,0,0,0,0,0,0,0,0,0,0,.313,.433,.518,.951,3,1.04,0.039,0.43,11.00,12.50,1B
137,1247,141,Sep 10,CIN,@,PIT,W8-7,CG,5,5,2,4,1,0,1,1,0,0,1,0,0,0,0,0,0,0,.318,.436,.530,.966,3,.57,0.178,1.77,27.00,33.90,1B
138,1248,142,Sep 11,CIN,@,PIT,W8-0,GS-8,4,4,0,0,0,0,0,0,0,0,0,0,0,0,0,1,0,0,.315,.433,.525,.958,3,.24,-0.034,-1.67,0.00,0.00,1B
139,1249,143,Sep 12,CIN,,MIL,W3-0,CG,4,4,0,1,0,0,0,0,0,0,0,0,0,0,0,0,0,0,.315,.432,.523,.955,3,.46,-0.048,-0.92,3.00,3.00,1B
140,1250,144,Sep 13,CIN,,MIL,W6-4,CG,4,4,2,3,0,0,1,2,0,0,0,0,0,0,0,0,0,0,.318,.434,.531,.965,3,.99,0.219,2.16,24.00,31.40,1B
141,1251,145,Sep 14,CIN,,MIL,L0-7,GS-9,4,4,0,1,0,0,0,0,0,0,0,0,0,0,0,0,0,0,.318,.433,.529,.961,3,.87,-0.075,-0.73,3.00,3.00,1B
142,1252,146,Sep 16,CIN,,PIT,L7-9,CG(10),5,5,2,2,0,0,0,1,0,0,1,0,0,0,0,0,0,0,.318,.432,.527,.960,3,1.24,0.040,0.34,12.00,15.90,1B
143,1253,147,Sep 17 (1),CIN,,PIT,L4-10,CG,5,4,0,0,0,0,0,0,1,0,0,0,0,0,0,0,0,0,.316,.430,.523,.954,3,.64,-0.013,-0.55,2.00,3.00,1B
144,1254,148,Sep 17 (2),CIN,,PIT,L3-7,CG,4,4,0,0,0,0,0,0,0,0,2,0,0,0,0,0,0,0,.313,.428,.519,.947,3,.57,-0.058,-0.61,0.00,0.00,1B
145,1255,149,Sep 18,CIN,,PIT,W7-4,CG,5,4,2,4,1,0,1,1,1,0,0,0,0,0,0,0,0,0,.319,.432,.531,.963,3,.63,0.147,2.56,29.00,36.90,1B
146,1256,150,Sep 19,CIN,@,CHC,L2-5,CG,4,3,0,2,0,0,0,1,1,0,0,0,0,0,0,0,0,0,.321,.434,.531,.966,3,1.24,0.101,0.68,10.00,12.50,1B
